Hours_Studied,Hours_Sleep,Study_Method,Previous_Grades,Passed
8.201062586888916,8.115748536108848,Solo,73.32994296373944,1.0
8.464963036515336,8.147897691573654,Solo,92.22712168456215,1.0
1.7861550519601312,5.2916216253104125,Solo,16.905043959498343,0.0
7.452021777791434,8.600804369592613,Solo,88.31640265046273,1.0
1.6625340075473802,4.668476637392121,Group,36.93742263551865,0.0
2.7445377032043003,4.2561914927324,Solo,63.5759942090226,0.0
1.0829216908200805,5.502750172058091,Group,46.13317870925627,0.0
9.233269555949988,8.495437298706292,Solo,77.52679137073308,1.0
7.091283290110243,9.876410520563246,Solo,71.62996104468712,1.0
4.793676596901287,9.486147224609505,Solo,85.57096840388647,1.0
0.38246598699594725,5.784169377880469,Solo,50.64105636484384,0.0
1.1918618716811018,5.910669373007856,Group,37.495961954330504,0.0
5.105359409652175,9.649453382466763,Solo,96.00311063518001,1.0
4.4369101533869655,7.359499855072265,Solo,92.21428395860558,1.0
5.182844792365933,7.611920715060646,Group,96.45071835530524,1.0
5.604353082480748,6.725753390782508,Group,72.02507640051466,1.0
5.932927000934659,7.030731554044855,Solo,81.7737455868844,1.0
9.885203632884807,8.474445512860736,Group,93.02702885553755,1.0
2.9650869688048065,6.2776953709843735,Solo,77.76134926466322,1.0
8.484426646254663,9.592122195799949,Solo,82.13582156721608,1.0
6.783199830488681,9.99173644213335,Solo,72.16949425773817,1.0
6.1818626350559525,6.881944836280701,Group,78.14228141340143,1.0
9.52184193139966,7.107311188940207,Group,71.08056454874279,1.0
1.1970081116103908,5.538446295676267,Solo,0.3719432967842162,0.0
5.300941415291412,6.29398698932005,Solo,90.80854172421385,1.0
2.6728544489199795,6.558605019025252,Solo,91.27962485417828,1.0
9.506723654568303,6.568997474748785,Group,85.44800049739779,1.0
2.4646688973455957,8.76910625807141,Solo,95.61885900866267,1.0
9.174307279248094,8.897355268514964,Group,75.65621817247754,1.0
1.1494155847484924,5.866226662687115,Group,11.71499225657467,0.0
7.377084379247028,6.634420421172295,Solo,94.6653966044927,1.0
2.3262011324381113,6.025543486867335,Group,92.15792374396992,1.0
2.4604700801331543,9.946520491835388,Solo,81.12823024473296,1.0
6.093419536925329,8.659646897948871,Solo,97.98131524398283,1.0
0.0674079249603522,4.185981279646264,Solo,43.36683400254123,0.0
9.756677022116468,9.498806690736798,Solo,80.46461601908437,1.0
7.26954905295156,7.754461676758362,Group,75.74778837204477,1.0
6.7271435455059345,7.148152532699651,Solo,79.4688203129005,1.0
2.6953623046993895,6.1446415220990485,Group,88.90741658368474,1.0
2.9532065421106566,5.121320188832342,Group,52.97111169479976,0.0
2.908460737597032,9.223970199100632,Solo,82.68185910681797,1.0
8.759002487755637,7.781221020010662,Group,84.92619556438306,1.0
1.6281733300427885,5.803523984270847,Solo,12.840953748240416,0.0
2.457306953022599,5.459016457304793,Solo,29.633460090723826,0.0
1.6945233997878493,5.683997105780123,Group,57.52816626097515,0.0
5.339288025190232,8.893680454754339,Group,88.98135636245803,1.0
4.790946132343962,6.232655182021903,Solo,76.88794482261906,1.0
8.42784744307879,7.30076025689878,Group,98.22353561509324,1.0
9.806816635700276,9.483876494984342,Solo,99.3192372397451,1.0
5.941000834326873,9.72379478202791,Group,90.83786281759856,1.0
4.001943185316763,6.241408335962255,Group,80.71088031910037,1.0
2.936536131420847,9.471673178080088,Group,81.79585603083767,1.0
6.753045722817081,6.241069561158243,Group,78.57274973778118,1.0
8.155943465535495,8.42501175100391,Group,94.85666793718244,1.0
5.345944290324951,8.872492304905977,Solo,78.62898187131034,1.0
0.07959661162145915,4.010459227085826,Group,6.64425557751688,0.0
2.132702631422849,9.924744712109694,Group,81.8539272283451,1.0
3.492148083198834,8.029870935043345,Solo,89.5491928143183,1.0
2.824990950687461,6.668167631603799,Solo,73.83600403667252,1.0
2.7595668492382814,5.060604266498316,Solo,52.62228946770883,0.0
8.269224101929144,6.672056830979454,Solo,88.30022251238458,1.0
7.08074920694115,7.383739970187852,Group,93.62647257576337,1.0
2.81425978096323,9.96863205929325,Group,71.68528232042317,1.0
8.536576567594238,7.384398906151143,Solo,73.31295590233307,1.0
9.7202152853321,8.780140915434213,Solo,70.0597640565721,1.0
8.429376615192915,6.3659473495910195,Group,80.80701756401284,1.0
3.3785589696130387,6.317677475955946,Group,73.0567930261881,1.0
6.920057813593358,7.075973617740391,Group,74.4190913283691,1.0
5.093882770404299,6.427922555307834,Group,71.7427585624105,1.0
7.126997958425717,9.965023974808753,Group,98.72743045251451,1.0
4.9989646361896325,6.192848155442224,Solo,91.0350958477078,1.0
9.725056264596475,6.307812806516837,Group,92.1360855568459,1.0
9.461827866832106,9.82209478381974,Group,79.20329798566424,1.0
2.940209974216839,7.575457622616634,Solo,75.85721808869476,1.0
5.940944751942957,8.377905340744693,Group,76.07897902406029,1.0
4.170792254191167,9.93633387679718,Group,91.21259431800095,1.0
0.42033952729935764,4.8252436816972475,Group,1.0067012250459517,0.0
3.110617381195281,8.769744605297479,Solo,83.5076273842867,1.0
1.025452055093628,4.735881502604169,Group,69.83398081815096,0.0
2.650790245135198,8.69372973329967,Solo,71.27266894620675,1.0
4.578830759797784,8.563305258760824,Solo,95.76292838048417,1.0
2.9589229386694624,6.324184863630592,Solo,70.13089808950927,1.0
7.023203115927262,8.131831146205341,Group,91.4215817013438,1.0
5.7014382853568515,9.310151582267498,Group,82.47325310569965,1.0
1.0055917249377027,4.763879279305792,Group,54.096670130323616,0.0
5.7933906326986016,6.288793635916703,Solo,92.83023770486176,1.0
9.446058604828519,9.315533463530437,Group,96.27649250551171,1.0
0.08128797751045047,4.595096902637641,Group,6.186946288916309,0.0
8.89890966997396,6.866959200363103,Group,87.93004848108109,1.0
4.014258366602913,7.391236831608772,Solo,73.16094766752569,1.0
2.089952471630677,4.142513455530517,Solo,26.282824992655026,0.0
2.450426205454699,6.862700609590869,Group,78.22214768026573,1.0
1.0370879805117583,5.274402953616561,Solo,61.77919137406431,0.0
4.544027799774911,9.448510469061802,Solo,83.01452258729589,1.0
3.6987128854262092,6.157707245474024,Group,85.31297467012696,1.0
2.0818453334013,4.07685269792465,Group,31.590587912047845,0.0
8.904827407004749,9.145380057662209,Group,73.68762035396162,1.0
9.176882079620617,9.875511421142766,Group,79.35591573750649,1.0
9.30592442045177,6.158475301393429,Solo,83.78994611207983,1.0
1.9906121160501318,4.864153765888392,Group,40.51647281583584,0.0
9.489238193286248,6.802098906801347,Solo,84.0996480447381,1.0
6.946038172242368,6.701211769430639,Group,91.98200424358495,1.0
3.561943902384356,8.60666730150354,Solo,98.28172957282337,1.0
2.53197013893422,7.213100590270383,Solo,72.5066301253207,1.0
1.0871816973498993,4.676535011988997,Group,53.11007248147445,0.0
7.60775305167296,6.119894359490711,Group,75.01963912003181,1.0
2.3618183112843045,7.919502481215636,Group,72.3058622582849,1.0
9.435007913020687,6.530098690967394,Solo,85.4501697912917,1.0
0.10059730420733815,4.3000973293879685,Group,55.49306795009689,0.0
7.197063192377717,8.618044857124541,Solo,95.41182480951699,1.0
4.337157188281745,9.697584781506121,Solo,78.98186765115044,1.0
3.127393799798101,6.955108583073209,Group,76.97152969168144,1.0
4.18725657544565,7.229159859705146,Solo,89.25203191895675,1.0
7.565989511876937,6.480836221482434,Solo,77.04920214987858,1.0
5.139560859381083,7.7991385952852905,Group,76.58661769689405,1.0
2.2120904843329745,9.602807456045035,Solo,76.62558348889027,1.0
2.8383463864008984,5.451959819970591,Solo,48.62486712256094,0.0
2.520412743882236,6.920035349150812,Group,78.8385818903858,1.0
3.1591589767297847,8.789885846677134,Group,81.0943976796153,1.0
4.942265061754026,9.303267002259052,Group,84.16845412488945,1.0
9.017604326504866,9.546416860961866,Group,77.02610112779003,1.0
2.382075567810888,5.603074223765979,Solo,9.998937537003231,0.0
5.109418317515856,9.494708456745355,Solo,93.83546633472247,1.0
8.395283191272341,8.603509476188776,Solo,77.26066239942631,1.0
4.700921371229024,6.880732807799245,Solo,75.00859266241596,1.0
6.587503104986289,6.22834742435726,Solo,99.00536499397856,1.0
9.859028935268851,7.218716556392163,Group,75.5694011470373,1.0
8.386361431734201,6.968180063450109,Group,71.31699827929015,1.0
2.683656680682274,5.239178674919682,Solo,53.3611837150672,0.0
0.4178162179901618,5.951747509820107,Solo,23.604460289602645,0.0
9.892121990343838,8.062717710785991,Group,70.65739986325026,1.0
1.792239306510925,4.868038732347751,Group,3.7343597892228386,0.0
9.24305581135411,8.341417457587008,Solo,79.12596158908843,1.0
6.296852334548382,7.212513423781314,Solo,77.45150826229623,1.0
0.0551720296424002,4.539641440256428,Group,16.02128237384493,0.0
8.239004366860991,6.520344960522528,Group,93.18764445628345,1.0
9.893116628009404,6.375602863157674,Group,88.04661637899471,1.0
3.3949314320399315,8.159941518863421,Group,78.6222878939674,1.0
6.8514324772767194,7.954572761618663,Solo,93.10474635271288,1.0
2.682779719950144,8.825902905947604,Solo,75.70322949351183,1.0
8.09295692262974,9.523483036795714,Solo,95.51044003359686,1.0
3.454599737656805,8.822300690062754,Group,88.7977753327963,1.0
6.73931655089634,7.2764018929730225,Solo,70.26589855340407,1.0
2.592357213872723,8.71858913077228,Group,88.10479288130136,1.0
2.707940016415356,9.068753155724508,Solo,85.67729798010235,1.0
9.638922245305553,9.903461023276526,Solo,79.65009968978646,1.0
3.0164841012150783,9.20234679643633,Group,83.10987656996863,1.0
2.1845662686108103,4.266959944831887,Solo,40.82335629939683,0.0
7.716767381600499,6.638178720452753,Group,76.86030338810826,1.0
5.018273304836981,9.708003871697182,Solo,72.05376158000735,1.0
1.9004346594784418,5.284651051810455,Solo,60.51032728078549,0.0
4.329833121584335,6.135783914343195,Solo,91.68120873094685,1.0
3.897814333887956,7.987853931623321,Group,85.07893727890391,1.0
3.215221548098355,8.870391062632706,Group,77.59304617538827,1.0
6.1304027864095625,8.85634772852971,Solo,92.71930621403317,1.0
2.4134537693488616,6.126344579302568,Solo,93.7778534886515,1.0
2.293465623124783,6.3867057985868785,Group,98.54472130530363,1.0
3.386354560566766,8.926358087021327,Solo,70.36309350328322,1.0
0.15427744045275105,4.859313625477871,Group,37.51545551964828,0.0
2.1479166865421924,5.180695380917546,Solo,53.25959316515472,0.0
7.825730788894877,6.116989132138237,Group,89.72060446510386,1.0
2.9269524762010377,9.799844735800901,Group,89.43452337971586,1.0
2.9763058787582306,8.157965169501349,Solo,89.75621547010165,1.0
7.986077523069267,8.922602040956985,Group,76.43219448979494,1.0
2.84535992088647,5.186088668373568,Solo,45.80394038449038,0.0
6.46723399788644,8.471388960804855,Solo,90.9162814572891,1.0
2.8895798584492107,6.121548238787348,Group,97.62983563289728,1.0
7.477849380431034,7.520782475143428,Solo,87.15237949431246,1.0
3.8119662015835036,7.039214324256639,Group,75.9764582468216,1.0
7.067206834533806,9.95114208085955,Solo,91.03418783252421,1.0
1.8831241592142536,4.024241549287787,Group,42.3946522526388,0.0
2.1668007955669775,4.198356199174432,Solo,22.611914202786572,0.0
7.808730669781292,8.836242077803666,Group,85.64378916164415,1.0
3.075317415511794,8.024567451360976,Group,95.76450313504463,1.0
2.391886097338661,5.57380677251059,Group,58.528239224507416,0.0
2.145774605212398,6.723907810837959,Solo,98.39369539451216,1.0
4.554509100723319,6.8233648401470735,Solo,76.9124998635205,1.0
7.139354225650525,9.493692952326642,Group,85.17873723204795,1.0
0.3197947594013154,4.916373773475785,Group,19.390876702818513,0.0
3.9787848139455813,8.72447141585993,Group,99.41106222826555,1.0
2.6216702326875456,4.656385507218623,Group,41.52107533276278,0.0
2.4906595937009746,5.600141937398319,Solo,62.16827322538251,0.0
7.903175333566148,7.347583167084427,Group,95.44126268804452,1.0
2.506999763782142,7.758046754531641,Group,90.30822348990512,1.0
7.464054187330855,7.969111425792139,Group,82.58343981871941,1.0
8.211303685935974,8.07909579422407,Solo,89.63952060597863,1.0
0.8060320781548382,5.176404533896781,Group,39.43767454988481,0.0
2.9077881699247126,7.367488664154744,Group,95.06440677226583,1.0
6.945025923663167,9.851707500950319,Group,92.13654954503818,1.0
3.4550406751931586,6.513577157816501,Solo,81.97105952927305,1.0
6.06088302947564,7.594652111089252,Group,98.58445051007519,1.0
2.7774119501661483,8.327885607657596,Group,71.86609678494108,1.0
3.090971804694158,9.122102060975447,Group,87.97133761451144,1.0
7.215690076020804,6.654495284766677,Group,80.44286779504864,1.0
1.57317080798274,4.354857538939414,Solo,48.46512457227407,0.0
2.160569582221811,8.159828521122238,Solo,81.13338815290383,1.0
9.28741747595074,8.32068947690933,Group,97.18261181443782,1.0
0.5341079006092543,4.878809979388905,Solo,44.26739270298712,0.0
5.047126853048172,9.737744107222056,Group,82.98300638797788,1.0
4.930894746349534,9.884232980661471,Solo,80.7614657625104,1.0
9.188433508216633,7.2944408765981645,Solo,70.50842994668743,1.0
9.604857175500449,7.078998446067958,Group,91.88034382263989,1.0
9.096691394120938,8.9986073269717,Group,93.21974134458287,1.0
2.9186945979136283,7.470137689166126,Solo,80.63274846379164,1.0
3.4168854352563915,6.742102062812485,Group,72.26815121850252,1.0
3.5663290783143715,6.718732435480968,Solo,78.47488197918557,1.0
5.636328518142186,8.177956391843399,Solo,91.14613030130145,1.0
7.70595829778396,8.598586595969474,Group,94.11875522657562,1.0
6.976693601822988,9.451188310172913,Group,78.13288761292198,1.0
3.1765878474323035,6.094554344185346,Group,98.40201186770187,1.0
2.325830418551761,8.601302745387748,Group,97.58593073968149,1.0
7.432818553155917,9.304270521010114,Group,89.99389142580507,1.0
3.2514963413686884,6.326519928122359,Solo,70.27115407237876,1.0
3.3869887623580386,7.52249317390632,Solo,89.65521143573014,1.0
5.915622082220504,8.720563087041201,Group,71.57065060562417,1.0
8.867302014744094,7.723550094647224,Solo,86.17283658208027,1.0
2.3657916336735925,5.095918977947386,Solo,62.697234433314506,0.0
9.973094696591243,8.864602696892774,Solo,92.52819395089955,1.0
4.280761349550777,9.269798833964767,Solo,82.29013160127978,1.0
9.220423253436532,6.670476865153271,Group,92.96640251547582,1.0
3.4160838742139745,6.906625608907952,Group,97.43645991545677,1.0
1.338017318873867,4.5643741493864,Solo,51.61982600394741,0.0
9.919681859119562,6.422658737046976,Group,95.13725124555411,1.0
2.767498143531887,4.024216950469775,Group,56.26701816354127,0.0
4.566240519773887,9.328536711830967,Solo,74.09802710953518,1.0
7.300178274831856,8.463452752729218,Group,84.62883429001633,1.0
3.4672360788274705,9.700993269662664,Solo,97.7914782019026,1.0
4.589433891233949,6.69935450904165,Group,79.23387495042238,1.0
2.398247636906938,5.5310257979822195,Group,5.9195764668066495,0.0
2.6276510507381277,9.579266624242111,Group,89.21845550646663,1.0
3.8979926999744006,6.883078451155042,Group,78.99401582695708,1.0
3.143933456422687,7.818959422535436,Group,87.71913501983913,1.0
3.496349988460187,9.059239203611982,Solo,93.67878544959056,1.0
9.70578031552489,9.129541936233094,Group,84.88776258647084,1.0
2.326948930131831,9.576763498656472,Group,83.00748377897843,1.0
8.580297943385352,8.134410186907514,Solo,70.36470314432161,1.0
2.115147909038047,6.913818965325195,Group,73.55507870794455,1.0
6.341568665265988,8.950329206355566,Group,78.8587148214383,1.0
1.2022891826259778,5.969339479049016,Group,65.7347935615204,0.0
2.015678230796185,5.746645831721615,Group,30.26423584823431,0.0
1.7586894960503918,5.474867537442972,Group,61.41453171929871,0.0
7.523158629034922,8.160047658418042,Group,88.39875054662137,1.0
2.3617493608495153,6.783111942734184,Group,88.6387734714883,1.0
6.237204626848052,7.203854267787265,Solo,84.7859375334234,1.0
2.362432078176356,7.48415505193841,Solo,77.53004149786901,1.0
1.7288650805004395,4.706502817004129,Group,39.134149946262156,0.0
2.8573760907182084,9.70871127791781,Group,76.00846053602878,1.0
9.943718368954404,8.670373542254339,Group,70.75580241877688,1.0
3.703713292071286,6.947482235897928,Solo,72.76200958247426,1.0
6.546468826683773,6.604231567123601,Solo,93.49595239895878,1.0
2.08408941256328,4.317816335338707,Group,42.479286887809735,0.0
6.196091116562037,9.223701600470484,Solo,74.81387842813679,1.0
8.417575846032317,6.441896452525579,Group,78.43013496726141,1.0
9.543277631300153,8.733035054638384,Group,91.39138151902957,1.0
8.167737439636488,6.922679246871034,Solo,74.28627884018235,1.0
4.292330017026275,6.132812435165466,Group,98.54289431085496,1.0
0.7782703002938774,4.653863232676159,Solo,16.90475396798075,0.0
8.170162773487565,7.537306588638726,Solo,99.36943345524426,1.0
3.222873113474656,9.405699830980383,Solo,84.73287188149496,1.0
7.654858750780937,9.950889558944127,Solo,76.78086993448,1.0
5.4168623090100505,8.203429482436558,Group,98.92235249470325,1.0
3.2033351288282255,9.708138179185227,Solo,93.51279527452321,1.0
7.0204646406725075,6.023034641992487,Solo,94.51384426046755,1.0
6.80892009394567,6.998672035436744,Solo,95.40906562621181,1.0
1.923442898655892,5.681743158851845,Solo,55.4090741813959,0.0
3.9818479160092597,7.992782865812556,Solo,70.87509290935793,1.0
3.3034754166514375,8.901030641660546,Solo,97.54717260026311,1.0
0.44975228204632134,4.630813791496026,Solo,57.4971854030486,0.0
2.249881411197533,5.631893877937235,Solo,29.739559000766086,0.0
8.358490428333187,9.576396814716539,Group,92.42333219790082,1.0
1.80155058130096,4.1772008593592345,Solo,31.833503978686274,0.0
1.3222882408146845,5.090053837793876,Group,18.484338928560316,0.0
7.340461908168217,7.096642666239223,Solo,99.3102086331683,1.0
3.8577015611745384,7.664615992719046,Solo,91.06438288545488,1.0
9.591084298026665,6.482267543109115,Solo,70.4294583300118,1.0
6.726666084552086,6.314313988620083,Solo,99.84457881897853,1.0
6.748739628432389,6.51085393454094,Solo,96.86038267459509,1.0
6.44345364482102,7.090496002934135,Group,73.04118692659478,1.0
5.318556018701321,7.139491607847692,Group,98.33345748082911,1.0
6.221608872690399,7.308132646252955,Group,81.53065115572404,1.0
1.7417650508341302,5.8561672806521,Solo,41.80087141932113,0.0
6.1847827533611905,7.7423332592517315,Solo,99.1077132917817,1.0
9.531718470212201,8.932452089661124,Group,83.09842569306298,1.0
6.021432185830892,8.633807338633702,Group,85.01203437130604,1.0
3.597390257266878,9.448170603957253,Group,76.3211489160161,1.0
2.7223181604352664,6.643039584193232,Solo,88.23256366758167,1.0
5.470813193903784,8.908676279065233,Group,98.52785783507645,1.0
6.894823157779036,8.78968106898736,Solo,90.77597294611324,1.0
6.572901515759199,9.691028762053577,Group,80.7065792551333,1.0
6.090739190887502,7.922027789031316,Group,86.39731426096884,1.0
3.02064242236451,9.747831292124252,Group,89.47966973730645,1.0
3.6747945866936824,6.240569370403141,Group,77.4267931083966,1.0
6.626241127969392,7.305845232975967,Group,95.61354765114001,1.0
3.492536192410446,6.465465591541904,Solo,92.93322184226513,1.0
2.880415396221414,9.238064298899513,Solo,97.29829431563176,1.0
9.596164989261137,6.382858222080647,Group,95.98286900835075,1.0
9.840260602283816,7.563623983622058,Solo,96.4898147448932,1.0
0.6297167792867573,5.722739992726872,Group,63.54869597184739,0.0
4.865301744262724,7.9341825868796985,Group,91.13663284082335,1.0
1.462293594748541,4.006436527208558,Group,43.662015940480636,0.0
1.0004975150734325,5.230025936077733,Group,53.65605346728093,0.0
6.719341494837065,7.694953014595051,Solo,78.02206083572624,1.0
3.4925604710882867,9.509843450521522,Group,78.11179859153577,1.0
9.366979204254505,8.67794782079276,Group,96.32410139963446,1.0
1.7852337921007644,4.5185935177315475,Group,67.26441028501773,0.0
1.9582383235556242,4.018663239654186,Group,17.037767825297134,0.0
5.777719401295594,6.926686805533773,Solo,91.41857897519769,1.0
0.5261138358703488,5.196450588127478,Group,47.42721297185793,0.0
2.2987855099937153,6.530863016172241,Solo,99.43431195375466,1.0
8.809093372134855,6.469232755849578,Group,77.79714937728498,1.0
9.60329187261247,7.5542324050813825,Solo,91.5536184196765,1.0
4.433937943676302,6.722301380509334,Solo,70.57348283289292,1.0
2.275108168921747,7.27501001172828,Group,95.37764319033197,1.0
4.535376041250221,6.500743168810201,Solo,80.35576625482632,1.0
1.2563115746762192,5.996695022785899,Group,65.91843906606213,0.0
9.759278817295954,9.950672031986588,Group,96.50394288958182,1.0
6.884960339533061,6.272689237541974,Group,85.16902460265877,1.0
7.372585564742397,8.200906168625046,Solo,80.39572503858155,1.0
3.1206721218921922,7.241447835694295,Group,88.9276537068749,1.0
8.503208073040621,7.245230796624014,Group,75.9697641687831,1.0
4.867725828354181,6.873015551460257,Solo,80.73442252340647,1.0
3.4761681548510186,7.860822449134872,Group,78.12418984110917,1.0
2.990622755537842,4.394940979719875,Group,14.157792636717444,0.0
6.085978420620526,7.039015135041305,Group,81.62946416366941,1.0
6.430834275210566,9.049140539106464,Solo,70.3425395036222,1.0
0.4225710611393996,5.1648453164144925,Solo,11.89167042355147,0.0
6.256907882122525,9.181799843158917,Group,86.32761898341093,1.0
2.782673285208012,6.122610008823225,Group,81.15172199207029,1.0
7.099439211985652,8.165185341204282,Solo,98.80406813216342,1.0
2.489225411121605,5.415361869481831,Group,69.69417766492184,0.0
9.920430800834106,9.190236402548752,Solo,70.2352477231575,1.0
4.407026478534157,8.262927855983165,Group,89.32447664427748,1.0
8.948793025515682,7.627631842891482,Solo,86.86218383207714,1.0
1.489098741603709,5.7454605009692035,Solo,34.194694286193375,0.0
9.318915121763588,9.083687378576208,Solo,75.8749925240281,1.0
9.523668674823314,9.474492671822443,Solo,80.97042244784114,1.0
2.8194963708404255,4.430403744034475,Group,8.077624952524216,0.0
4.847781429210093,8.221454203750525,Group,84.42670439809027,1.0
9.158618803421192,9.195132943094661,Group,98.43064077893412,1.0
3.7265682199747454,6.418271361337601,Solo,88.67029793851738,1.0
8.459521241312501,9.55499231947591,Solo,93.66797415328021,1.0
8.062768883714952,8.876807113089056,Group,89.87302035103204,1.0
7.568238373399784,7.9663781869657475,Solo,96.70423412188043,1.0
2.8104892179742738,5.663394087351547,Solo,54.537181047705076,0.0
6.415254710195884,9.27675543770716,Group,78.05601268202822,1.0
5.532244010987016,6.019759923737638,Group,94.20080559084218,1.0
4.726428322024143,7.348012705725145,Solo,74.54785224400298,1.0
4.487858573725298,9.77892808916564,Group,87.57594365360558,1.0
2.743235837774879,5.47132622847838,Solo,26.11858328956685,0.0
2.2033530139527615,9.118337894267013,Solo,78.5282227878255,1.0
2.7000559255443153,4.294905053412568,Solo,50.057011289859,0.0
0.6659164857988483,5.130043985718032,Group,48.92641799411699,0.0
1.2438723711810713,4.48138542366501,Group,50.147797837066925,0.0
8.971684721501742,8.320344831351244,Group,73.0567716419804,1.0
2.92858112405533,9.985335664226968,Group,78.66654816727497,1.0
7.146305747538825,6.842648756022666,Group,78.4743623193108,1.0
1.2025542502909197,5.227867169520124,Group,56.247636162382236,0.0
4.411022993313137,8.934457522245609,Solo,82.86833000290433,1.0
2.590372517883191,9.231383767765035,Group,95.16991983154033,1.0
2.121715902940196,5.91300279659896,Group,30.34305629289441,0.0
8.523691427638674,6.071495738933655,Group,84.29310959031375,1.0
0.5291609595186699,5.496146358859065,Solo,13.648263993020246,0.0
9.733238552349356,6.130104717965008,Group,74.4088812876463,1.0
5.74928513595301,8.706053543108986,Group,95.85072711362037,1.0
9.12004273454053,8.472622937272476,Solo,71.49937085979036,1.0
6.962476410827717,9.600092493592044,Solo,98.54269662536697,1.0
7.697433770780287,8.774728903125954,Group,70.04060877146405,1.0
2.8507120614624073,4.114109442302508,Solo,13.76575094670711,0.0
4.493688608715288,6.9318378990145355,Solo,72.32948004014816,1.0
2.5964051494381666,7.418488630563106,Solo,94.10448229890653,1.0
7.161382323275599,8.536022812398446,Solo,96.70645007908523,1.0
2.6787017126815353,9.879648184429081,Solo,77.959784126664,1.0
6.694728944167033,7.052450279643372,Solo,91.16382490850458,1.0
2.7302934142890685,9.473085122053035,Solo,79.11827536765082,1.0
2.231838877718031,4.976482274043557,Solo,1.2686828732010813,0.0
5.356800499422319,8.634831102003504,Group,82.86106062959301,1.0
0.4988501062682382,5.272354729416465,Group,48.799506412426645,0.0
1.6953995507676267,4.144168671997347,Solo,5.1873795802406955,0.0
8.44961023834449,8.2311336694801,Group,77.451287811094,1.0
1.4162008353299977,4.92107899454828,Group,26.795913510547148,0.0
4.121618941453804,7.678909267704489,Solo,81.94015878863509,1.0
1.35731854839808,5.203763179272644,Group,51.957723103936104,0.0
5.513079268561747,7.4710374035091585,Group,88.48901457777173,1.0
0.054330551462521526,4.083345801204769,Group,67.76460684355312,0.0
7.567793648749584,8.5743107807861,Group,93.14880732935823,1.0
7.855951534491241,9.491783343505633,Group,87.2058685436672,1.0
4.3555911365566855,9.186149163904705,Group,81.64497118380987,1.0
7.576125927962144,7.569974225626739,Group,85.8897917183686,1.0
6.48750377228309,9.536825853393632,Group,78.6238499469175,1.0
1.0047168439712584,4.482402915199083,Solo,8.20427339761634,0.0
4.2291717138928915,9.46917680383921,Solo,83.73098815477881,1.0
9.203344457306644,7.383532227811827,Solo,70.29771463383507,1.0
6.84939707560704,6.427507692378976,Solo,99.12029636229232,1.0
2.2440019995123954,7.587693104806384,Group,91.35168417238145,1.0
3.7941544756844783,9.179238194999717,Group,81.1521788471899,1.0
8.004918013126867,9.87928418031418,Group,94.32635743023755,1.0
8.159948424788887,6.669930329036279,Solo,72.19244686081045,1.0
7.585293712157961,8.076327140544873,Group,90.18108982626694,1.0
1.6992139208906916,4.669022577483864,Group,58.61569558391055,0.0
2.6096890861863846,4.1643433349528545,Solo,15.236717970637523,0.0
6.846198554855097,9.67756789285767,Group,79.03138233502939,1.0
5.84912081483854,8.198118143580068,Solo,81.78192229814249,1.0
9.013228821266761,6.91231908779573,Group,89.70268190423671,1.0
7.28157901374185,9.487134266368807,Solo,89.03091066615062,1.0
8.515747860711485,7.436933477599062,Group,87.73390909775549,1.0
0.8041909224686288,5.753301523656401,Group,9.105646888026286,0.0
2.6069066248693114,8.780578216190374,Group,82.24455072600094,1.0
4.629316362959328,6.488439656040107,Solo,95.45276137271574,1.0
1.7706920006072613,4.270708164555371,Group,61.80403715631055,0.0
2.6731197199603907,6.098347665835206,Solo,99.2804146983764,1.0
1.8602182677855406,5.919153288642066,Solo,48.445155291705824,0.0
0.5150378575449105,5.352935874452724,Solo,49.51779000230494,0.0
3.538312150469366,6.342632998385723,Solo,70.24959826681577,1.0
1.5565141713782165,5.935720069690061,Solo,46.317900187989956,0.0
2.582104050913548,7.231719766364764,Group,93.41895152276672,1.0
0.8122340194306613,4.427022732621344,Group,41.67122861492423,0.0
4.765338266590906,6.416438597536665,Solo,95.19404819993281,1.0
8.73695138508567,6.405683313796866,Group,79.97368471446136,1.0
1.0670181493948474,5.175538721724396,Solo,49.35974018993944,0.0
1.5770705469080575,5.20697533319291,Solo,30.96056638157947,0.0
6.789267873576293,8.928899545638245,Group,98.681414308358,1.0
8.041098045388953,9.35944521146688,Solo,72.267508415622,1.0
7.96351579347464,7.440545629886076,Group,82.82804001110011,1.0
9.898209034519557,6.973929186305197,Solo,72.05059600929876,1.0
1.428151206597299,4.052393417064129,Solo,11.880990000384621,0.0
9.26612708773323,8.83345190686014,Solo,76.26648172015491,1.0
6.096744466394248,8.527254108066673,Solo,91.39620649847853,1.0
7.573897322913205,7.564326146607042,Group,95.65090604859805,1.0
8.924057007151841,8.779804355609848,Solo,90.55402929623452,1.0
9.436233153982606,9.979465268679068,Group,73.5265390045066,1.0
2.166757705179199,4.875206248110784,Solo,33.95662619856781,0.0
2.729648824389523,6.166291436201568,Group,94.50338399516909,1.0
7.260903138402747,9.803454249001641,Group,96.95681814024518,1.0
2.755543686047427,9.417540373478317,Solo,96.77674682459423,1.0
1.9951100236387664,4.441223905422422,Solo,47.23504115171874,0.0
4.619978817423317,8.49434275201104,Group,86.1499582976714,1.0
5.011706935024397,8.589898856618412,Solo,91.98097151770841,1.0
7.049109007978103,7.637336025260172,Solo,84.52231209130605,1.0
6.348422888911909,7.039252834980137,Solo,82.35874285102307,1.0
2.20280594732366,8.190369504614946,Solo,89.99801437139857,1.0
3.8234813003355335,8.620967922556087,Solo,81.31954161889578,1.0
4.514847848610613,9.535143539853703,Group,92.459357023786,1.0
2.8963112173444188,6.323677132205009,Group,89.92658154966905,1.0
3.9211649502255446,6.5457590102269325,Group,90.40335656340918,1.0
0.7360473290439629,5.679604571271234,Solo,44.51582287786976,0.0
1.4864739486185954,4.161203027514249,Group,41.49881263556771,0.0
4.070239852800135,9.543910992944749,Group,72.65814141909037,1.0
8.516597761851056,8.495583345166555,Group,88.23258049286957,1.0
3.9011003519391974,9.487374110980928,Solo,76.35982164095974,1.0
5.015555435399261,7.656519010115709,Solo,86.70635329516287,1.0
4.21502118517763,8.647356759397514,Group,70.41236662034036,1.0
8.366341355488808,7.995552613805424,Group,76.27556396223784,1.0
4.585623456166042,6.304523437961201,Group,89.9915624073462,1.0
4.228722712255669,7.293486248462083,Group,92.45153049028694,1.0
6.56048936071492,6.256835748300537,Group,91.23164050802582,1.0
1.1678868421259296,4.767665903866088,Solo,41.95114812976064,0.0
7.0648116581861435,8.483662071069908,Group,83.92285478360512,1.0
3.118179013010316,8.037688512599159,Group,77.24610525105045,1.0
8.851918729506579,8.314701634289573,Group,77.21196738680521,1.0
2.751855518726952,6.039083389676735,Solo,93.79428621990218,1.0
6.926800784417732,7.701973337792301,Solo,80.71363477901508,1.0
9.558125839059425,6.48754437334779,Group,78.2895732539756,1.0
1.7295494265427607,4.1541165582686626,Solo,65.03976640108239,0.0
4.037125238110111,8.478351819591317,Solo,83.17631803749151,1.0
8.036342992677458,8.827108867541783,Group,71.12713271196722,1.0
0.164284916466094,5.249327137708527,Group,56.31462497022756,0.0
9.632408218069779,8.836185046889732,Solo,75.38094046036632,1.0
1.1945060807728298,5.549267561275576,Solo,40.859951141195474,0.0
1.9542611650555926,5.569793954222935,Solo,14.814512899890284,0.0
4.239471175567543,6.876855949432177,Solo,76.66227612079962,1.0
8.51036015765559,7.364991310504625,Group,88.74622298820996,1.0
7.968359034123386,6.426372121231963,Solo,80.06831362809528,1.0
2.709620270056445,7.41998522332775,Solo,83.02062918126276,1.0
8.332632349806788,7.264624419907002,Solo,79.75885402069093,1.0
5.431952219000147,6.99485709035052,Solo,78.47417279110012,1.0
0.8794431907830398,5.231970900520358,Group,57.779096488676366,0.0
9.7011873174234,9.269191079849975,Solo,74.88099231425697,1.0
9.250835080757888,8.282438986555318,Solo,83.85148431439357,1.0
9.69957835953689,9.298723863700596,Solo,78.94156625918329,1.0
6.286197472598068,8.974033025166431,Solo,90.33439600930133,1.0
4.904658371189081,7.222097242632094,Solo,71.92019039825863,1.0
0.7736630562996069,4.129707188965937,Group,41.08555545912349,0.0
0.2983241782780355,5.45292343022601,Group,2.728552446279129,0.0
1.5567531158485126,5.285130399070383,Solo,35.02516123508924,0.0
5.666023123932133,8.491866334253931,Group,98.51377511725887,1.0
1.6789209939246537,5.874776132994238,Group,44.54619970733621,0.0
0.7295165729983623,5.983619902698727,Group,46.67931739139606,0.0
2.94531862097325,6.654095490340091,Solo,79.94694097201581,1.0
5.271623555314159,8.105610643744452,Group,84.96686993607825,1.0
2.086701211842387,9.222680611800213,Solo,76.78375993749016,1.0
7.6326381447937885,7.413685517210872,Group,78.91872370922,1.0
0.7867921328994752,5.8813584902306815,Solo,56.19676543771504,0.0
8.092085053739778,8.062384114317002,Solo,89.83042762741961,1.0
9.168730399387947,9.822605992919014,Group,96.75616434432204,1.0
4.309044425922046,6.103247627797948,Group,98.2336243760102,1.0
8.151899321444084,7.654196406101406,Group,78.33558328269137,1.0
2.8631314159464356,7.40050103666692,Solo,74.0148508899908,1.0
8.611659728861934,8.945608060262561,Group,82.49697485446876,1.0
6.042018979582857,6.1466857077341714,Solo,70.00034904266099,1.0
6.288770930752963,7.916727510518924,Group,93.90044191574117,1.0
0.3318952108656217,4.918893536811973,Solo,17.729066846590054,0.0
7.380147648616307,7.808796113133742,Group,82.67887591040827,1.0
2.762525647852117,4.041889922061825,Solo,0.5854577313799969,0.0
9.997741386289045,8.441335133243673,Solo,82.5500159230684,1.0
5.6452540222857035,6.95017652349731,Group,75.3776683572337,1.0
0.5457843914858134,4.329629631458874,Group,18.865830360459086,0.0
5.455560149136926,9.661953190352168,Group,90.63166127291682,1.0
1.9319986297170473,5.011705385903658,Group,18.524451884775015,0.0
5.579298934587637,6.938568327421814,Solo,88.50350823557623,1.0
2.5393568752035547,5.570033087674114,Solo,0.6985143660914561,0.0
2.197716291630751,4.546141619945625,Solo,42.67881976068311,0.0
9.924041136005386,6.944201853385856,Solo,79.96573099346814,1.0
5.071129770985691,6.076769107292227,Solo,85.00338256229881,1.0
7.1936824169285085,8.604931908165968,Group,80.36025856734663,1.0
9.708959816714023,9.683391391262747,Group,94.33371309800413,1.0
2.160109609638223,4.509341244092102,Group,23.353987708580597,0.0
2.2950955788362624,9.514519945420632,Solo,80.80151397702934,1.0
8.027025482071533,9.35246115859244,Group,85.26671666773167,1.0
7.928965194320472,6.404183244042587,Solo,70.57386899311861,1.0
6.111915913278486,8.346433852701896,Solo,91.1988960963613,1.0
8.281407691144109,7.8968568666298555,Group,78.36279617243659,1.0
4.603197585274142,6.329524182463371,Solo,89.39376224913792,1.0
1.9910134960879444,4.04838352778271,Solo,1.3401407597785675,0.0
5.283174615917292,9.160121745228246,Solo,72.11475836929434,1.0
0.27474621997990245,5.313910312534279,Group,14.786228203105171,0.0
2.1236529322309394,9.044095963771996,Solo,88.6724092469799,1.0
7.054697697358394,8.124678112004128,Solo,76.72880449855136,1.0
2.954523596887004,5.3206054394026765,Group,50.591642656716324,0.0
9.598399306335391,8.431620371173778,Solo,90.22059757176378,1.0
2.230261410506712,7.644113879226818,Solo,72.30938401194899,1.0
8.081822879117492,6.608099412514592,Group,74.8109621835923,1.0
7.1637783672573425,9.872773711658887,Solo,98.88305050759618,1.0
5.749545278359762,7.027106270882031,Solo,81.21763141038441,1.0
1.0027316724508823,4.372202835692555,Solo,10.758372999094318,0.0
2.48862367883891,9.97655744488467,Solo,92.16169452179699,1.0
4.8073201004166295,8.556479751262001,Group,92.62744779046243,1.0
4.8268178242084225,8.672851194220065,Group,95.95887276726737,1.0
1.30837958740595,5.4441418764054745,Solo,39.63264838575496,0.0
2.451003973207417,9.212103591330653,Solo,90.14437446001621,1.0
8.92940916619948,9.396782606261278,Solo,83.17449449901245,1.0
7.3080141528644464,7.783610825506994,Solo,77.96748498875819,1.0
3.1159508852163347,7.189396029490203,Group,74.03305388224365,1.0
2.0404926707697495,7.094506665126664,Solo,70.52657090099886,1.0
2.368021136174022,9.899172648587133,Solo,81.93509876506471,1.0
4.560396808244894,8.65521811048722,Solo,85.67530543256765,1.0
6.396231058589884,9.860474785744183,Group,97.0582059024745,1.0
0.5356339861630008,4.923114948839579,Group,61.543004082087336,0.0
0.013896069013808576,4.242772836318813,Group,4.652432804339048,0.0
7.880568350431086,8.626946658165169,Group,72.07022777838449,1.0
2.6816777491528727,4.219472397355007,Solo,27.43015612316182,0.0
7.199711446222121,9.946650373068586,Solo,74.97249339460468,1.0
2.6941628683221412,5.693028677380556,Group,35.49417527171028,0.0
3.8291424440277018,8.269248878515615,Solo,73.39910514182392,1.0
5.453276369837435,6.350570987055354,Solo,83.27636544444236,1.0
5.709587239519857,8.413794373525512,Solo,73.9514508573728,1.0
2.0908291581393526,8.758107004126245,Group,91.8694318496745,1.0
8.57488047432285,8.818723050946588,Solo,87.51318341542336,1.0
8.50239653806002,9.472569017510022,Solo,92.77015847565792,1.0
8.04440910834439,9.032953902816365,Solo,78.28508673462699,1.0
2.371603301759982,9.315661896602709,Solo,99.93462567045935,1.0
5.700277729065183,6.803734754636226,Group,90.1861500579424,1.0
5.010076684247326,9.778456877896094,Solo,81.07842310646623,1.0
8.928511116003268,6.0729303307054465,Group,80.58875510357069,1.0
7.807645430961915,9.893955876709587,Group,90.32626802376859,1.0
7.16733793065281,7.587926068297134,Group,94.74229712041023,1.0
4.994166366048963,8.690408472900504,Group,78.89679736617792,1.0
0.822165662061618,4.117101858487958,Group,23.933369467384324,0.0
6.162461607230346,6.173650131419277,Solo,81.92837135658611,1.0
5.511771365645089,6.320459385538701,Group,77.4202094745725,1.0
2.2093327068741684,5.549307062362364,Group,24.53643740003133,0.0
4.963776822331056,8.24918726351164,Group,71.87578887228537,1.0
5.6730860499060904,6.927788384463902,Group,92.09605685004378,1.0
5.172342258570161,8.947494979776728,Group,79.38722182640944,1.0
3.29302971275691,6.088494206115989,Solo,73.7665064428796,1.0
2.585356863040552,4.263457546909124,Group,13.364860955015045,0.0
2.725351684000885,5.790235481413073,Group,5.298980911685122,0.0
1.3860174109323982,4.13330408112138,Solo,63.124181998236004,0.0
7.624151671161423,7.980586108055897,Solo,92.83113370752349,1.0
9.631428616020699,9.106387411166967,Group,76.76143804020298,1.0
8.817452002548322,8.406447280585326,Group,84.4911909267667,1.0
0.4684577920985711,5.084474410983697,Solo,54.46176702012572,0.0
0.07615906698103458,5.465603089532501,Solo,57.045780997837745,0.0
2.9567539675064136,9.770927096540502,Solo,94.6760438315259,1.0
9.196596586196549,7.9253766065412945,Group,75.15081723116349,1.0
6.325080972880852,6.20788513460589,Solo,98.31104778460663,1.0
3.6130185603819562,9.255881078024075,Group,73.16036453443999,1.0
1.1915505888553644,4.408071269257798,Group,22.770343285322344,0.0
9.895095492804138,7.148955966616327,Solo,97.87684160895562,1.0
5.648559873736287,9.777065956453736,Solo,94.13311623038516,1.0
1.264273651777494,5.4914675654624645,Group,52.37287384341925,0.0
9.161654701497595,7.390286096955928,Group,94.68951415125302,1.0
6.021763120739833,6.044125057714589,Group,90.89289421108322,1.0
4.881525131290103,8.757859876549063,Group,77.78625349528271,1.0
6.649905771380898,6.540665156619291,Group,96.28958299426935,1.0
2.5670894043188572,4.8029886317225765,Solo,62.854343087036604,0.0
3.788766708155621,9.483013801349037,Group,98.41272001325558,1.0
6.9457445065300885,7.955386321027681,Group,72.35367448951372,1.0
4.063222616359519,9.90244080343966,Group,78.67562338887849,1.0
2.186175485886607,8.059269415718761,Solo,76.14040327171853,1.0
9.412701001291955,8.567886001773065,Group,73.17717413211273,1.0
3.3514805045773164,6.767469298874971,Group,72.77876449154101,1.0
9.426548500701802,8.504881286525661,Group,93.43965567241915,1.0
2.0556170442495256,7.490754068049256,Solo,84.81442121370786,1.0
9.24280513564851,9.636130082662564,Group,92.76328761271975,1.0
9.397548946228502,8.530487572535792,Group,70.44080165964861,1.0
7.836849426704513,8.453645556842831,Group,72.15327418679539,1.0
2.2125037443292452,5.597428383309149,Group,9.82271627354605,0.0
8.734630214066176,6.24916719252025,Group,96.72566604949441,1.0
3.309247542925636,8.460877752924043,Group,76.6708391424451,1.0
2.808981408982322,8.667457030184417,Group,86.33490877311596,1.0
6.025090068640702,9.468125984489795,Solo,89.69893221123628,1.0
7.058446644748636,6.515479469893781,Solo,96.40470213764455,1.0
1.7738263072347877,4.59088955495484,Solo,33.8792557725823,0.0
5.227862929699176,6.848179359632907,Solo,99.05611995099676,1.0
4.270207246389796,8.215208962849506,Group,98.0884186440678,1.0
9.12421824591916,9.021081681987232,Group,81.05346759749736,1.0
7.068237686087158,7.340475417036568,Group,76.47222037529363,1.0
1.1199279488392588,5.63557065971389,Solo,15.31009290985491,0.0
9.437581218740585,6.895270459290492,Solo,77.40471607605707,1.0
6.666950120777277,8.631381218412145,Group,99.35576405167421,1.0
5.004663621119552,8.238594733947657,Solo,99.43577587492348,1.0
4.712238328389605,6.182968135250052,Group,98.90497722662765,1.0
3.248149123539492,9.226244591445798,Solo,76.01423546585208,1.0
3.9164951253357794,9.348053313454688,Solo,81.06121512594386,1.0
0.20122943216528244,4.57181357847832,Group,15.043884592547709,0.0
7.664580622368364,7.957699854572562,Solo,96.79270615586245,1.0
0.3532532486704234,4.996511364526907,Solo,64.9727468679766,0.0
4.703961254812286,8.809859882176415,Solo,95.30948992155471,1.0
2.7519407263867284,5.913229242166916,Solo,60.40977819512104,0.0
4.019495554752166,7.801483745032741,Group,95.15475501529075,1.0
7.80575606710688,9.059533046168513,Solo,71.55507397359187,1.0
8.82407564373888,8.466601258082953,Group,89.07864121491185,1.0
5.9369303446363055,8.428376144355124,Solo,74.6448583779316,1.0
9.251776887716375,9.04115929248854,Group,96.11580898808153,1.0
8.79717912541929,6.724597398138721,Solo,82.96056782783518,1.0
2.742896419681497,5.650098820360125,Group,41.77963138214316,0.0
2.9580970545540097,6.356497728464067,Solo,78.0656054314658,1.0
1.7501753842983614,5.273339364334415,Solo,27.147826294185187,0.0
3.031037775285194,7.6172750724171685,Group,70.46184675073926,1.0
2.6418699652931377,9.472226760429802,Group,74.78476787624075,1.0
2.994377787884358,9.934715701053655,Solo,91.56218853560591,1.0
6.150324973946929,9.404827656195074,Solo,98.98142515386031,1.0
6.961060782412294,7.49300716651736,Group,94.00010445291045,1.0
2.5548904070013236,6.950173299695511,Solo,80.59151174800907,1.0
9.759030613661112,8.953796837005306,Solo,74.89106010794774,1.0
2.9505433301445754,8.635541880930628,Solo,94.21212711600108,1.0
0.6154189214460215,5.837853067279109,Solo,13.154426657072612,0.0
6.027338166838855,6.934848327641732,Solo,87.68361968454091,1.0
3.2864644113399892,9.988498000630845,Solo,78.79925832341694,1.0
1.872446723547402,5.992668675254494,Group,1.5698122413438587,0.0
5.080781828815402,7.926089406050201,Solo,90.22390886608189,1.0
7.279872368273432,9.748913948945805,Solo,70.57982892752803,1.0
4.6471841988211935,7.670323103139713,Group,85.09251852339509,1.0
2.1571377155527367,4.368952506267279,Group,31.86203942135595,0.0
0.4106568902064218,4.880397995910981,Group,56.308984177423135,0.0
5.144781797334083,7.096860809394681,Solo,76.84706090481097,1.0
9.260531791408745,9.979631290585742,Group,70.00404079013455,1.0
6.341157077660613,7.402507724836723,Group,75.90777113360285,1.0
0.2483960037753794,4.236672381846775,Solo,19.270174941630213,0.0
6.993903967311937,6.548438822915996,Group,88.94256763655129,1.0
4.875929209758041,8.400082192477214,Group,85.01810713464123,1.0
2.796354847450837,5.432646776125365,Solo,45.382260521646685,0.0
6.983123806552002,8.545720998174547,Group,99.43533510286883,1.0
2.6054039276937386,5.3912362929936135,Group,53.50473705054991,0.0
2.326582850085032,5.552894892999449,Solo,55.7369015378958,0.0
4.065955106391667,8.18678965085628,Solo,98.34208776349239,1.0
4.961269602043555,9.37913291246755,Group,74.22408846678029,1.0
7.349145759395448,9.289922254537444,Solo,77.49870839192863,1.0
8.580804485277266,8.270163393046232,Solo,87.08619338701311,1.0
9.140471987919822,7.062400170354824,Solo,95.28135706481665,1.0
8.178547133885115,8.53260550237609,Solo,77.92828789475918,1.0
6.113875507308893,9.378197594140282,Group,98.72344057114289,1.0
0.6932243897642142,5.377770604100181,Group,25.78430496560459,0.0
6.876514671839175,9.189704086427712,Group,98.70399446452859,1.0
2.214100849279111,5.571303236160464,Solo,45.40472697381709,0.0
2.516694259337802,5.528745324443472,Solo,45.97106393051256,0.0
3.2854509860764454,9.722380858575665,Solo,73.16179654323416,1.0
6.068565529317622,9.711009132780852,Solo,79.5276038578335,1.0
8.629900073215435,9.073093655458074,Solo,71.50678034391922,1.0
2.66800573358935,8.732992113158584,Group,97.98774587709016,1.0
7.067230052083388,8.371759739366812,Solo,79.4881044918792,1.0
2.411830009999915,9.402326916376968,Solo,82.98187408059114,1.0
4.692834225551365,7.247264532341038,Solo,75.81589203810678,1.0
1.226202513294289,5.6814060560224,Solo,46.3378261355708,0.0
0.2560490042359316,4.243002752601836,Group,18.96598888214558,0.0
6.615231077010873,6.852418816100333,Solo,71.73533348341482,1.0
9.795158461329333,7.519143120716919,Group,78.70136595887311,1.0
0.623658765438082,5.108453028264034,Solo,4.70791397771575,0.0
4.219049463849061,6.9090785090526055,Group,86.58121227155635,1.0
2.6540722555909753,7.297335012461502,Group,72.7417445899533,1.0
5.7877741662445255,7.850491826957265,Solo,92.62794920041068,1.0
1.4951033182184392,5.623539576180275,Group,62.328666205352995,0.0
2.5047907103978972,5.122969175919048,Group,69.3475409946036,0.0
5.113613429873305,9.376681795876788,Group,99.19234488916999,1.0
2.689007455563359,4.376049469230832,Group,59.14099434286603,0.0
3.3009355147591304,7.595291123587602,Group,94.98491130364813,1.0
5.587564175826558,9.746422769179846,Group,89.89141575410267,1.0
5.772609508401267,9.12304634427376,Solo,75.37759767217842,1.0
1.0262452461477225,4.751776570291539,Solo,43.989851963021096,0.0
3.3671006991205266,8.563888309381328,Group,79.29420625967407,1.0
8.988628992854217,7.332007652232791,Group,75.97811009400402,1.0
4.909036819034352,7.922346309306592,Group,98.52318123194014,1.0
0.4600542093482406,4.300338001634083,Group,4.688152841769007,0.0
5.9614152808901615,9.162892659355855,Solo,92.98347798386759,1.0
6.021096744841537,6.919818423564345,Group,84.2142948519384,1.0
5.283063384285038,7.584968075610635,Solo,71.4055572558281,1.0
6.393813317648964,6.988412936040586,Group,97.78582205295346,1.0
0.09354940518385402,4.597451147177546,Solo,58.67084824920498,0.0
0.5443063052693919,5.521981520056188,Solo,69.92248284233034,0.0
3.967661827076065,6.834042057429343,Solo,97.81331886575282,1.0
1.8201451391485677,4.593071162575311,Group,22.481350684516745,0.0
0.37398804360980054,4.530092856650008,Solo,49.6135958660408,0.0
2.4637719140160383,4.788952557140071,Group,48.20421405155129,0.0
9.774256661767685,8.36963113863807,Solo,91.07621504604421,1.0
9.018984575423644,6.0464821596324025,Group,74.02824552706826,1.0
0.8660812103120996,5.143744542454373,Solo,12.554920720246868,0.0
9.274563216630256,8.503565505748035,Solo,88.40812342712375,1.0
4.9963209507789,6.740531715354479,Solo,94.82556766318909,1.0
9.689524510591314,8.863299858728354,Group,85.50095155678804,1.0
3.939277859320642,6.5854959686489964,Solo,79.80227626090122,1.0
8.313369908858707,9.128112350681544,Group,93.62161080256999,1.0
1.976771825730454,5.01672109383256,Group,13.140568398457646,0.0
4.345686173584516,6.157374162674039,Group,92.25688980876146,1.0
5.403491508931334,8.01026430585377,Group,97.41365331619778,1.0
9.019776108216423,7.03253373080451,Solo,72.13474855520299,1.0
1.7708848275444233,4.6112084309804295,Solo,28.783406259621017,0.0
4.804700470452776,9.290457274054713,Solo,89.45514460356064,1.0
9.754420284952792,9.191254595434538,Group,91.11099338887152,1.0
1.8094563283991647,4.8198097793925765,Group,10.934459808063538,0.0
5.294727313178148,7.83920169507728,Group,90.81848771530471,1.0
3.100167553167946,8.165066314704442,Group,85.47585708136984,1.0
1.2282349565737212,4.7366190610136965,Group,25.22987789990403,0.0
5.977988047139084,8.712064610236254,Solo,93.45471590034806,1.0
7.979767505070052,8.143310737892325,Solo,72.43447535608718,1.0
4.285696690254886,9.908696736885268,Solo,91.8117028484617,1.0
5.1379523607978586,8.670199597165881,Solo,70.45332052643425,1.0
5.876183881528171,9.830501138021521,Group,83.7682154979046,1.0
4.84877380718277,8.40237733344247,Group,83.31758363519134,1.0
5.686230144261806,8.076239163633081,Solo,83.0320995701983,1.0
7.420514894738259,8.467707673502968,Solo,89.34497812066941,1.0
0.883397278625753,5.772391560930149,Group,21.894459244724782,0.0
6.49021758055597,8.050754044066034,Group,85.60509676932253,1.0
0.6149528862474629,5.46614259205935,Solo,69.73103714491452,0.0
7.321577765569601,8.108165855646607,Group,77.36056942498634,1.0
2.6218770957198787,7.853976175202289,Solo,79.29363577627298,1.0
0.6448211357722703,5.036157532477631,Solo,48.97476987354852,0.0
2.3995657678419455,4.710986020882714,Solo,2.7256611681365928,0.0
2.2875381903739367,8.070846573538846,Solo,77.25931390951136,1.0
0.4104558927568842,4.137916032712843,Group,62.02654047192457,0.0
3.449864529325281,6.485539757689716,Group,74.84088403166152,1.0
9.60571445127933,8.167603789513432,Group,92.93583383964153,1.0
8.480907157433446,9.440489588756819,Solo,78.24111445143676,1.0
6.260715460412687,9.86328864461288,Solo,86.60113569249316,1.0
2.345279295604609,9.514062245205391,Group,93.58616956783175,1.0
3.9364421720920033,9.010866558230564,Solo,82.49513295711637,1.0
6.669248894806977,8.477961384038458,Group,74.71819624539145,1.0
1.2567763485136436,5.3129572146630055,Solo,52.498445891644955,0.0
2.6163717268324547,4.169584032091606,Solo,4.6595309539956,0.0
4.318011623310144,9.263332499962472,Solo,95.18015477068008,1.0
9.129144909584568,7.6165612866041315,Solo,92.03331796226774,1.0
8.687840964097646,7.8092731380732,Group,86.95255937358269,1.0
2.2873760572220716,5.474714154775599,Group,33.19785146838675,0.0
6.454103144111438,9.44805792909049,Group,86.06661444639018,1.0
7.615735018061627,6.569982171606053,Group,83.36624916225672,1.0
3.8303853239329797,8.784082472215168,Solo,91.20929462367148,1.0
0.1971259182850571,5.456981354323227,Solo,46.165753804853914,0.0
6.893765969874818,9.158794028569917,Solo,72.86197831939631,1.0
3.5678628993531616,7.607723654436969,Group,78.98697033861622,1.0
8.93657854864083,9.1194039555734,Solo,94.20896472651981,1.0
7.0351891050821,9.271336864700086,Group,83.12983984444611,1.0
8.843684672088058,6.798169803716581,Solo,99.79765046268892,1.0
8.644955262301833,6.2311222439854665,Solo,74.95853470428872,1.0
9.889685955836823,9.4533345982873,Group,96.14242102572562,1.0
0.14089790032516514,4.842496106588144,Group,48.3618783585576,0.0
4.951309116558179,8.760019563282663,Solo,88.20195174152309,1.0
4.153945847595048,9.969934008633501,Solo,85.64347072500641,1.0
3.072121827605126,8.443923955403967,Group,88.10911601678126,1.0
0.4657207377921375,4.086347471594023,Group,22.715826012273947,0.0
3.4195163502377826,6.523494642873399,Group,82.28236215451055,1.0
1.3525181142123963,4.348218670668169,Solo,25.870193959874122,0.0
0.8913651468695251,4.724470883304576,Group,46.743241412220705,0.0
2.363571042731663,7.584690766437022,Solo,71.55006164973884,1.0
5.791693122102979,8.313547668025636,Solo,90.17381494075087,1.0
0.9351662033866447,5.688714165479232,Group,35.54635447711454,0.0
6.595784905439295,8.768645366776529,Group,74.97244530895662,1.0
1.7096690546139497,4.64935185378012,Group,4.8332134420219806,0.0
5.724784145059681,6.351465996579334,Solo,98.818809265396,1.0
8.544118127379946,6.347947039645641,Solo,72.67868573576719,1.0
1.8967928637585911,4.449231223687704,Group,45.789291591951155,0.0
4.583651783529968,9.206912332279167,Solo,74.85014308710886,1.0
2.4145882945794153,7.7299915133205275,Group,85.0939741765462,1.0
3.35594197348874,8.742261148915885,Solo,97.52457529395971,1.0
4.99690091701177,9.950598254944232,Solo,86.92222086500553,1.0
7.527501904819728,9.119381580604575,Group,81.03357963268459,1.0
7.8320573443278985,7.711092534943449,Group,89.21428126527532,1.0
3.2349017221936185,9.852460446356694,Solo,73.07703887750769,1.0
2.6302969102852485,4.952036258737533,Group,39.2474806457265,0.0
4.256276580570452,9.093892502746403,Group,85.20761313885504,1.0
2.3144971187287915,9.520316350245833,Group,89.13064740687807,1.0
7.373605475246854,7.026251134805455,Solo,82.10803007084773,1.0
2.073576412933037,9.081629671231173,Solo,94.21466612094648,1.0
3.247956162689621,8.63513346684287,Solo,73.27792630928865,1.0
4.063533021721245,6.410038911962717,Solo,80.12036640307278,1.0
1.0390379830978838,4.083902446863273,Solo,56.2101450370486,0.0
0.7145483431401796,4.493357729043246,Group,39.01360187011056,0.0
6.765109924862754,6.245398508442673,Group,90.20936252424723,1.0
2.4085603457940343,4.41137452439111,Solo,38.38934140954939,0.0
4.914158888384604,9.201426031289447,Solo,70.27162484741113,1.0
9.164185827969604,7.8985235029992555,Group,71.63903260002917,1.0
0.10964900354428464,5.510083857492557,Group,48.73093015965477,0.0
8.532795515772616,6.778490047283061,Group,98.79588408140366,1.0
1.6003832759289645,4.975708087852725,Solo,14.437647968530683,0.0
4.246178899526846,9.457432999358549,Solo,99.73983704692662,1.0
3.691584055972357,8.083831909088168,Group,87.53346729272278,1.0
9.60049573640644,6.4476784775909115,Solo,70.04421466258934,1.0
8.217175327419493,7.98869905603371,Solo,94.82518959619664,1.0
2.3127366112374657,5.605286619591421,Group,40.08250630174157,0.0
9.515991532513514,9.756270794051584,Group,94.24705630027667,1.0
8.793787283953424,7.093038107992838,Solo,70.70784893936587,1.0
6.314737935325206,6.518059685131217,Solo,79.40043752755429,1.0
8.316945142356431,8.028939234753569,Group,91.37863999295539,1.0
2.7448221424471937,6.269402405875087,Solo,85.92813035236281,1.0
0.25652559256340424,5.567583568970795,Group,40.36916792004294,0.0
0.03928336976500091,4.744334047675027,Solo,62.2389546758007,0.0
9.174123397011401,9.511897281780278,Group,77.80709793955688,1.0
1.5176660366533978,5.024443841625349,Solo,27.25834572852127,0.0
3.5897254522733792,6.93443100419964,Group,97.1833300639749,1.0
6.161308008895947,9.805613368826627,Solo,76.159988161204,1.0
3.776862483765842,7.983502940315083,Group,91.11571274902994,1.0
4.166658010096594,9.259300454986048,Group,91.54993526116012,1.0
0.22541334520742629,4.96593774417071,Solo,64.49152585490829,0.0
4.348734754115947,7.166650314837213,Solo,90.38860998205323,1.0
6.441606492795699,6.271348236420687,Solo,82.40928024755905,1.0
3.0243667116621795,7.712798459702459,Solo,87.4877817041279,1.0
8.454677914138113,7.815158165534557,Solo,95.07477783731548,1.0
9.136372441416906,9.935910591839313,Solo,77.39810904934073,1.0
4.247705516737843,8.78186882675945,Solo,85.14386794913584,1.0
1.3566538226694216,4.585644073401929,Group,46.98102313657821,0.0
4.941726424475468,9.774463680670396,Group,83.73987277010714,1.0
5.1880378751789875,8.970826084799924,Group,87.31367758114962,1.0
8.537777601609726,8.751542889203254,Solo,73.7310519700153,1.0
8.478995566837078,6.864152730038398,Group,92.4506756099722,1.0
2.8031010443070445,5.322741222140829,Group,26.077329163168557,0.0
0.31232574595372153,5.522243074086316,Group,18.170351449253445,0.0
6.198051453057903,8.271780922210517,Group,84.30530404953451,1.0
6.1605441694224865,6.0976031262261525,Solo,82.22629093097292,1.0
9.784084438019566,7.590377591851177,Group,71.97084576863098,1.0
0.45502463919825353,4.908754669119922,Group,14.302146837927921,0.0
6.4348324200912055,6.728471662754798,Group,91.8658432680984,1.0
4.965137176535127,7.775000877218284,Solo,91.43272492213727,1.0
6.389870314932689,7.704725208943891,Group,93.19425621756014,1.0
2.781376912051071,8.899067086115046,Solo,74.28550861902517,1.0
9.101633462066399,9.807247141692956,Solo,99.54575208287427,1.0
2.8832109524083656,5.225879164989051,Solo,10.95337012025204,0.0
9.888008510582967,8.770503808904659,Solo,85.41563392620303,1.0
7.136253169234302,9.03305278371609,Solo,85.63888142962416,1.0
7.846939801629154,6.9567204168637025,Solo,91.97203147175136,1.0
0.44598818325933887,5.886151675489415,Group,33.17448540812719,0.0
6.986385014620463,6.357644009249038,Solo,96.65977240796195,1.0
3.3141263834479435,7.225014483146447,Solo,85.57673712340616,1.0
7.971931240944193,8.721997208298852,Group,99.22583331449071,1.0
6.566226437351295,7.788810162019343,Solo,78.77149331236579,1.0
5.52121994991681,7.261161351322441,Group,93.06768346322923,1.0
4.976144686342265,6.6790316203501625,Solo,93.1336844755566,1.0
3.3641929894983322,8.385079513928211,Group,94.85407898347351,1.0
1.5065850309937279,5.773849800418539,Solo,21.967876575709088,0.0
8.706629637689103,7.943487036745303,Solo,71.69756968440147,1.0
9.75576346620295,6.694098059946034,Solo,94.42377056773486,1.0
4.476220930290622,6.102568263225743,Group,77.51403696377497,1.0
0.6738144688199459,5.959940658717701,Group,43.43316495363794,0.0
8.474889243828109,8.77992754450617,Solo,72.28717653920694,1.0
0.059131613263092464,5.272582707958496,Solo,2.1804364955373745,0.0
8.006968542331979,8.46857994641612,Group,82.75684556313081,1.0
2.806224011019413,9.885580376166558,Solo,96.82282907599752,1.0
8.917779010040427,8.156645106701017,Group,88.9684646091292,1.0
4.239832749282273,7.948247675275743,Group,80.61367476209308,1.0
9.097701940610612,9.964674504547906,Solo,77.25795040946589,1.0
1.1390772245018006,4.29777610066489,Group,2.8245578801789795,0.0
0.6877541856979245,5.376269412173084,Solo,59.032831745151825,0.0
3.9519171470326686,8.554103790656342,Solo,79.08747186499578,1.0
9.018714827047848,9.72811242204007,Group,81.3728214601581,1.0
4.728530808402068,9.851968015435979,Group,78.02778030183914,1.0
3.9943378331909996,6.695580996877949,Group,85.3338741771169,1.0
7.64993781725197,6.807413808491793,Solo,98.56665357092784,1.0
2.0652071892832082,5.45587861394753,Group,24.8447262613907,0.0
9.12211027112733,7.794774490490123,Group,95.87921413447538,1.0
4.87064387298802,6.522841506960798,Group,81.73098607382195,1.0
5.425473186538515,6.52497951072955,Group,87.34895198261083,1.0
4.247476077499046,7.68542800910828,Group,82.08619847897911,1.0
4.278723955019741,7.068113080677685,Solo,71.44558037179888,1.0
3.3856149592801215,9.473090021633523,Solo,97.55279296436225,1.0
9.577988619070869,6.708599157789544,Group,73.07547892199423,1.0
1.040859605688683,5.936977555188768,Solo,36.26056464832374,0.0
3.2897702980320354,6.897762287346643,Solo,70.1145976797575,1.0
2.5645499792034387,7.946675765698812,Group,73.0541104884861,1.0
2.1945277314516307,7.892839626766229,Group,86.33446998400788,1.0
8.885844666050748,7.633812852282794,Group,90.61057799509729,1.0
5.955362437620652,6.5933728038483554,Solo,75.44841903269808,1.0
7.9261489420336355,6.289787551178236,Group,98.73802363170311,1.0
9.209264083927913,7.465846139485592,Group,99.01105825768438,1.0
0.8169219795581069,5.60997799936154,Group,27.246133018425194,0.0
5.39377607397581,9.475619937914873,Group,91.42979907204993,1.0
3.9348183272036135,8.832688354581126,Solo,82.12869241764608,1.0
5.950364770915126,6.706112128022033,Group,93.26038451209406,1.0
6.250837052545184,9.744848984974759,Solo,97.23696381338858,1.0
2.1646759543664196,6.884837767278409,Solo,71.87372780857214,1.0
2.569509187681832,6.988924297612709,Group,93.41096509020645,1.0
6.860358815211507,6.1480305388619705,Group,90.30463896572186,1.0
4.576633324665426,9.368133177505685,Group,97.62299825390072,1.0
2.841850018835446,5.036816043890408,Group,14.243091974831708,0.0
2.0972357975185307,8.26806504394667,Solo,81.41553129609683,1.0
4.55180504235009,9.482999605090045,Group,84.29007199903296,1.0
2.0042554097119387,5.110169898604573,Group,63.067262698332755,0.0
0.5720631619909997,4.504482040346723,Solo,5.388016856661185,0.0
7.031542774239072,9.87764928934115,Group,76.21227427632566,1.0
8.682419964713905,9.271868096476249,Group,78.85904432715498,1.0
7.629262875040189,8.720912969725166,Solo,71.34733896986847,1.0
0.7392060997173204,4.873701405230359,Group,2.2220635761092034,0.0
2.210935795978016,6.030251499912568,Solo,80.02149897006308,1.0
4.601466576213976,7.869606044999479,Solo,88.74351588368208,1.0
1.8343627063039434,5.360455558416707,Group,37.92326749872943,0.0
2.251433485493874,6.2313707062535855,Solo,88.88673090675209,1.0
8.46717878493169,8.785155103512558,Group,95.02433791002028,1.0
8.659541126403374,9.776237358746453,Solo,83.44957166108267,1.0
6.260938131640185,7.597263663237232,Solo,92.28644481003818,1.0
8.01899623550144,9.73550007011162,Group,79.08792716921288,1.0
6.373682234746237,9.48039549560372,Solo,82.21319467376883,1.0
3.03327532121196,8.10065353466824,Solo,85.56102983141786,1.0
7.473864212097255,6.2614253631957695,Solo,92.60283766770907,1.0
5.987537591432458,8.834978790971906,Solo,83.63036269202965,1.0
4.602642646106115,8.51002185287348,Group,85.01872804211254,1.0
5.4997993761898325,6.382141255338673,Group,98.95046108363415,1.0
1.3598665042440827,5.312323675362143,Solo,19.036222759291412,0.0
8.08628038893518,8.430947179515437,Group,86.57502902223668,1.0
1.7491246829090765,4.070622709880478,Group,22.864747459813767,0.0
9.177726063626615,8.328681840705093,Group,87.85395024717045,1.0
2.615839278630344,6.61558362535942,Group,71.88068864865598,1.0
2.4523306852153226,5.916146960238761,Group,60.06162897050604,0.0
6.603793423007032,8.369401314373448,Group,75.25665316317482,1.0
2.2908173824792826,4.783051396355659,Group,16.24127262161675,0.0
9.374993880184935,7.402847261806841,Group,98.65345621875105,1.0
7.779616922092043,7.474105374895045,Solo,93.55568629445224,1.0
6.177946080438435,6.80060097697924,Solo,87.80682806136357,1.0
4.630012882300066,7.9870674354366775,Solo,87.62757613328205,1.0
2.776705538720329,4.370391135734936,Group,4.809957440677268,0.0
3.9397640290778373,6.609664053321669,Group,92.13752180062076,1.0
0.8164354116898881,5.220450298955282,Solo,61.66811039477602,0.0
0.039005770532208106,4.710769137371479,Solo,17.430611527636295,0.0
2.508466802288189,9.516473230248659,Group,83.48049226118926,1.0
6.674514495384802,7.298343319601081,Group,86.39290948233543,1.0
0.7553971767208583,4.922954929249468,Solo,59.848181369303205,0.0
2.1163573253430554,7.099224142192544,Group,88.70946334870798,1.0
1.6249026439826006,4.961945779772248,Solo,43.72298336801721,0.0
2.6780151332309243,4.404961120330475,Solo,56.466553711877154,0.0
8.362138494879122,9.986787415411907,Group,80.62813981651647,1.0
6.686204650187706,7.686883707493822,Solo,71.16789889977002,1.0
3.4788356442042163,6.085077643401549,Solo,71.98029532420725,1.0
1.7905285467506675,5.683867133583617,Solo,28.132103992351105,0.0
0.7454674194433972,4.196165161568489,Solo,29.34901628162154,0.0
0.45761712874278404,5.475016718918014,Group,69.80276477320653,0.0
4.786043736186403,7.8070707149489165,Group,90.28078864157642,1.0
6.3649343145274795,8.526240880370082,Group,87.4486687896758,1.0
8.17795815437326,7.18523248182396,Group,82.153080835827,1.0
0.03298748597544143,5.034538112883219,Solo,45.46562507952132,0.0
5.420328146868397,6.7457530485770185,Solo,84.9008626845384,1.0
9.759315182516826,7.406490748958538,Group,90.56331649665705,1.0
3.5049692777900905,6.2927836950737746,Solo,81.89661045969889,1.0
1.6561415425559407,4.897221261909085,Group,54.86167757526655,0.0
1.2756405134077005,5.588394662554169,Solo,58.59837394814566,0.0
7.006879325713891,6.16043676564993,Group,80.7573538457462,1.0
0.33971413752226576,4.196791299426795,Solo,32.49669638174574,0.0
4.854026613548714,7.6710671286693355,Group,72.1870550610371,1.0
0.544793150404277,5.318707844411565,Group,32.64168292981191,0.0
0.6192638152818096,5.577229929344813,Group,68.6782535507555,0.0
7.619872671896874,7.9197553388684945,Solo,77.25679882338667,1.0
1.3044820158112387,4.9929223047106,Group,3.639254638439524,0.0
8.361489558149628,7.357800770171224,Solo,84.3070031940391,1.0
7.980875041410009,9.077219574565358,Solo,86.22715011514242,1.0
4.254838198187199,8.37180340573971,Group,75.58407693260044,1.0
6.012130357497597,6.4197207136726995,Group,82.98448006628408,1.0
5.088821102406194,6.526270740509039,Group,87.40266504008363,1.0
6.184523398152955,7.704333535561486,Solo,71.73196477675351,1.0
2.399748256119568,4.3201432699091455,Solo,2.357348271212482,0.0
3.65066974724634,6.27045025436886,Group,91.70343453550004,1.0
2.811772342928257,8.733181506426021,Solo,73.60621687361729,1.0
6.146637218909894,7.820880596327205,Group,83.43020276231255,1.0
1.6121868088137687,5.287808507082262,Group,54.73719840105714,0.0
7.7067966870764195,9.024653315580984,Group,94.15270955486989,1.0
2.74939814262474,7.729339204170408,Group,93.41128370712941,1.0
0.3506941221250922,5.070620262905184,Group,37.275284649118724,0.0
9.697380387796336,9.997654903082665,Solo,95.6961167124378,1.0
5.940141550550911,6.124536331538046,Solo,98.73369402964612,1.0
1.272392013907158,4.6994064594916996,Solo,15.407792813332719,0.0
7.535161581541546,7.805548097318702,Solo,85.53881583137736,1.0
9.493839909893875,9.044111610008112,Solo,73.3453663696383,1.0
0.4180682222184724,5.159967574856262,Group,40.66652659217255,0.0
2.044176936988819,6.1683727585454475,Group,79.64487103743646,1.0
6.907321567486319,9.251942954864374,Group,86.46575995232068,1.0
6.454410099666801,7.721223579597851,Solo,78.71513517014262,1.0
7.100459770841705,6.668135784368301,Group,90.47851663670207,1.0
